Entry,Make,Model,Body,Fit_age_a,Fit_age_b,Fit_age_R2,Fit_miles_a,Fit_miles_b,Fit_miles_R2,Fit_age_cw_R2
1,Toyota,Camry,Sedan,26339.30439,0.108571922,0.782562019,29995.19159,1.31E-05,0.857115339,0.737111943
2,Ford,F150,Truck,43603.91854,0.100032778,0.63844239,43535.63487,9.58E-06,0.636287428,0.199088869
3,Honda,Civic,Sedan,24936.87139,0.110554642,0.845374943,24051.62031,1.07E-05,0.824741895,0.486301884
4,Toyota,Corolla,Sedan,19776.21843,0.089720041,0.818057374,21826.1765,1.09E-05,0.882775873,0.588836841
5,Chevrolet,Silverado 1500,Truck,37447.64622,0.080784236,0.681205855,33598.86886,6.52E-06,0.582406349,-0.548528918
6,Toyota,RAV4,Sport Utility,33376.12836,0.119189789,0.850533367,33387.32174,1.18E-05,0.832944309,0.695353259
7,Toyota,Tacoma,Truck,35495.44695,0.065938085,0.778956484,35188.18718,6.54E-06,0.750049746,-0.223377874
8,Honda,Accord,Sedan,28643.4669,0.112123341,0.88080067,28517.36892,1.14E-05,0.881395367,0.423125431
9,Toyota,Highlander,Sport Utility,47702.70579,0.13659201,0.904261278,43369.03212,1.08E-05,0.906494546,0.711556366
10,Jeep,Wrangler,Convertible,43933.01939,0.078521266,0.613207281,38420.41766,7.35E-06,0.579184093,-0.335098497
11,Honda,CR-V,Sport Utility,30261.21005,0.10553041,0.904912828,29036.05982,1.01E-05,0.89026617,0.353473478
12,Ford,Mustang,Coupe,27704.35134,0.055901969,0.184997147,38669.92021,1.53E-05,0.625992186,
13,Jeep,Grand Cherokee,Sport Utility,39042.0416,0.106223065,0.411718735,43858.34053,1.16E-05,0.607580736,-0.34188302
14,Toyota,Prius,Hatchback,30148.10009,0.122572606,0.8962023,24581.95087,8.71E-06,0.698367695,0.535120245
15,BMW,X3,Sport Utility,45274.41964,0.164677264,0.892481794,48366.60434,1.85E-05,0.926271539,0.891086968
16,Toyota,Tundra,Truck,46706.64472,0.089463301,0.860809564,44508.34959,8.55E-06,0.836590136,0.283218567
17,BMW,330i,Sedan,44064.00133,0.157781124,0.802224977,45567.84634,2.35E-05,0.84957712,0.802798034
18,Toyota,4Runner,Sport Utility,45247.52022,0.096166051,0.901469537,43364.4756,8.16E-06,0.885875393,0.565449853
19,Ford,F250,Truck,54663.89793,0.081082913,0.734363066,50957.90883,8.02E-06,0.609114279,0.31327376
20,RAM,1500,Truck,38404.29001,0.102312916,0.450933967,35498.12316,7.64E-06,0.496827548,
21,Volkswagen,Jetta,Sedan,23166.75404,0.128360034,0.809694429,21855.24321,1.31E-05,0.826002545,
22,Ford,Explorer,Sport Utility,43315.46721,0.153247036,0.628563369,41602.0227,1.30E-05,0.77134554,0.585847179
23,BMW,328i,Sedan,26805.3605,0.095783634,0.79629064,105000.0001,0.000775988,-5.734784489,
24,Porsche,911,Coupe,135080.5083,0.054342198,0.24935477,147287.4574,2.12E-05,0.427904439,-0.732649828
25,Dodge,Challenger,Coupe,30928.00595,0.060149736,0.104409625,43960.58935,1.74E-05,0.500038887,
26,Toyota,Sienna,Van,36959.3049,0.117021534,0.855998606,41437.07298,1.19E-05,0.919268077,0.736961407
27,Chevrolet,Tahoe,Sport Utility,49838.63865,0.11628997,0.907477453,51240.60569,9.55E-06,0.832182856,
28,Honda,Fit,Hatchback,19977.85686,0.095884701,0.933905892,19002.10613,9.87E-06,0.938301851,0.314714965
29,Ford,Fusion,Sedan,36242.51961,0.178849912,0.704774542,29082.66472,1.68E-05,0.783202868,
30,BMW,X5,Sport Utility,69174.70399,0.181319837,0.952087098,67108.5389,1.75E-05,0.94105688,0.925931397
31,Chevrolet,Corvette,Coupe,62691.76615,0.077667194,0.702269852,52284.56832,1.52E-05,0.728750672,
32,Chevrolet,Camaro,Convertible,35030.12567,0.094337592,0.480894678,35704.74814,1.26E-05,0.609367601,
33,Honda,Pilot,Sport Utility,41503.44387,0.130582347,0.90879187,38415.21549,9.71E-06,0.944407397,0.522137182
34,Lexus,RX 350,Sport Utility,68633.74743,0.177500714,0.928557502,55263.85913,1.43E-05,0.909620731,
35,Mercedes-Benz,C 300,Sedan,40527.35325,0.139887541,0.897986464,39804.48129,1.51E-05,0.839210626,0.621665844
36,Honda,Odyssey,Van,40292.23347,0.134071765,0.929231221,36909.54166,1.06E-05,0.897068077,0.593340129
37,Volkswagen,Tiguan,Sport Utility,27016.31031,0.138910593,0.871181927,28728.98171,1.52E-05,0.896708238,0.82471882
38,Ford,Escape,Sport Utility,27854.7146,0.124147023,0.676994228,27617.82295,1.28E-05,0.850194513,
39,Ford,Edge,Sport Utility,31265.98004,0.132128534,0.5496496,36356.75609,1.42E-05,0.881124685,
40,GMC,Sierra 1500,Truck,48625.17914,0.105673677,0.776628312,35303.90511,6.20E-06,0.49553774,-0.413091972
41,Nissan,Altima,Sedan,21595.85543,0.123141661,0.789283158,22305.33734,1.11E-05,0.811284298,0.704678782
42,MINI,Cooper,Wagon,27289.05209,0.121643272,0.871976366,28116.96082,1.71E-05,0.864376687,0.677979388
43,Volkswagen,Golf,Wagon,30179.5294,0.155549964,0.795539564,25212.54205,0.003,-0.546343397,
44,Chevrolet,Suburban,Sport Utility,58872.46256,0.138180554,0.755574915,57895.75186,1.13E-05,0.920587029,0.637809716
45,Mercedes-Benz,E 350,Sedan,53017.23169,0.156650953,0.88793576,48188.33691,1.60E-05,0.776634604,0.212164534
46,Subaru,Outback,Sport Utility,36447.91808,0.134330236,0.887083648,31292.24815,9.73E-06,0.801059192,0.638402931
47,BMW,X1,Sport Utility,42915.10183,0.194405611,0.920119965,38657.68064,1.67E-05,0.870614803,0.780480393
48,Ford,Ranger,Truck,38131.25877,0.099525541,0.843392548,34245.1816,1.31E-05,0.801867636,
49,Audi,A4,Wagon,39458.71511,0.151912648,0.912561017,37153.0636,1.47E-05,0.775851505,
50,Acura,MDX,Sport Utility,55519.26046,0.160354841,0.891682074,46603.6348,1.19E-05,0.901665514,
51,GMC,Yukon,Sport Utility,50959.5053,0.113412593,0.882551797,105000,0.0015,-4.009851563,
52,Volkswagen,GTI,Hatchback,35480.48023,0.138449052,0.89532242,30406.83439,1.22E-05,0.880800642,
53,Chevrolet,Silverado 2500,Truck,61535.64914,0.094514234,0.765281283,44205.23769,5.32E-06,0.48304558,-0.467498685
54,Audi,Q5,Sport Utility,44271.24754,0.145670204,0.87017168,41724.6704,1.25E-05,0.876730021,
55,GMC,Acadia,Sport Utility,34119.539,0.102413298,0.669796607,36185.03819,1.03E-05,0.809952268,-0.14707288
56,Dodge,Durango,Sport Utility,41347.95442,0.128903725,0.645446414,38843.18356,9.56E-06,0.679670299,
57,Ford,F350,Truck,54013.18743,0.074163336,0.730878974,47498.08455,6.92E-06,0.606625592,
58,Ford,Focus,Hatchback,27442.66815,0.153941675,0.523616384,17790.37767,9.28E-06,0.389312484,
59,Land Rover,Range Rover Sport,Sport Utility,95045.87494,0.193360594,0.922607592,92533.81625,1.85E-05,0.907870308,0.875516753
60,Volkswagen,Passat,Sedan,28439.93971,0.153767146,0.792627481,24889.58802,1.40E-05,0.796389294,0.288413499
61,Cadillac,Escalade,Sport Utility,73133.94629,0.136690484,0.935388973,74269.71146,1.31E-05,0.843538266,0.811350527
62,MAZDA,MAZDA3,Hatchback,27169.98623,0.138314276,0.664187997,21381.74262,9.37E-06,0.585701153,
63,Nissan,Rogue,Sport Utility,23080.39906,0.115357718,0.747321399,26998.26803,0.001499604,-5.052855783,
64,Audi,A3,Hatchback,36069.71283,0.146156833,0.902976255,31176.18349,1.44E-05,0.786647602,0.46235388
65,Dodge,Charger,Sedan,36038.79544,0.141796808,0.63201277,36420.35772,1.21E-05,0.672347465,
66,Chevrolet,Equinox,Sport Utility,20705.57376,0.087269296,0.553766995,25807.61272,1.12E-05,0.779976771,-0.488173472
67,Dodge,Ram 1500 Truck,Truck,50969.18887,0.114859289,0.526211677,12184.01323,0.002965516,-9.188498345,
68,Subaru,Forester,Sport Utility,31694.12227,0.120284381,0.89428009,26463.6199,9.19E-06,0.646522237,0.216714347
69,Nissan,Sentra,Sedan,15330.9949,0.091602454,0.734083724,16227.23361,8.77E-06,0.883071003,
70,Toyota,Sequoia,Sport Utility,64723.54222,0.128549145,0.863770422,54514.22773,1.12E-05,0.789288238,0.655431335
71,BMW,M3,Sedan,62467.62309,0.07956131,0.813032915,63884.66119,1.22E-05,0.843614143,
72,Hyundai,Elantra,Hatchback,16752.51087,0.099531209,0.78740887,17411.52634,9.29E-06,0.860312343,-1.325327445
73,Dodge,Ram 2500 Truck,Truck,51039.18841,0.05,0.063829826,105000,0.0015,-13.02880525,
74,Acura,RDX,Sport Utility,40842.09665,0.146692902,0.95113423,41557.64062,1.37E-05,0.937068122,0.74907065
75,Mitsubishi,Outlander,Sport Utility,30165.73311,0.164364903,-0.112505871,32826.01189,0.000670983,0.090000334,-0.888394408
76,Honda,HR-V,Sport Utility,25648.94854,0.089100822,0.438128058,25092.05324,0.003,-5.811504169,-2.901594496
77,Chevrolet,Impala,Sedan,23059.28522,0.130888336,0.513733695,31119.00433,1.68E-05,0.89974648,
78,Lexus,IS 250,Sedan,43264.2248,0.130112945,0.893602052,105000,0.001126875,-6.793257891,
79,Lexus,ES 350,Sedan,45816.17976,0.143560002,0.89054064,34960.13899,1.16E-05,0.680910289,
80,Jeep,Cherokee,Sport Utility,20717.53014,0.05739317,0.467670333,21520.26344,4.83E-06,0.361835952,
81,Audi,Q7,Sport Utility,57546.18383,0.144770417,0.92912143,59808.14043,1.43E-05,0.828598422,
82,Hyundai,Sonata,Sedan,22750.97166,0.118760929,0.770173331,105000.0001,0.000771404,-6.135584136,
83,Mercedes-Benz,S 550,Sedan,90245.56627,0.156311058,0.895869355,105000,0.0015,-4.269774393,
84,GMC,Yukon XL,Sport Utility,49587.99319,0.125595956,0.936649936,59674.79832,1.11E-05,0.937479838,0.709130774
85,Dodge,Grand Caravan,Van,19720.27138,0.09375978,0.469912056,105000,0.001126875,-4.966561523,
86,Porsche,Boxster,Convertible,55904.72067,0.07237744,0.795031403,40082.40897,1.12E-05,0.367803284,
87,Nissan,Maxima,Sedan,31933.3827,0.145016774,0.677522244,30953.52981,1.26E-05,0.861720523,0.704115575
88,Mercedes-Benz,GLC 300,Sport Utility,41198.30837,0.126122856,0.577150707,40285.40028,9.81E-06,0.638915718,-0.816413016
89,Acura,TL,Sedan,29988.86622,0.105789078,0.706776113,105000,0.0015,-7.800885985,
90,INFINITI,Q50,Sedan,31630.12233,0.092029769,0.445885045,58417.50992,0.002235439,-17.9785316,-1.985091695
91,Mitsubishi,Outlander Sport,Sport Utility,20748.18712,0.10567021,0.607886505,20846.70333,1.05E-05,0.689770988,0.117860676
92,Cadillac,CTS,Sedan,46778.83706,0.098307974,0.071920715,52380.69939,1.08E-05,0.57276917,
93,INFINITI,G37,Coupe,38851.22236,0.113133573,0.397680358,19576.73138,4.42E-06,0.257030621,
94,Toyota,Prius Prime,Hatchback,30106.65912,0.076960987,0.228468481,30843.7209,1.16E-05,0.405165672,-1.867594385
95,Porsche,Panamera,Sedan,172666.3689,0.231776602,0.783622157,130186.7094,2.31E-05,0.85511802,
96,Chevrolet,Malibu,Sedan,20976.9173,0.105897844,0.694312255,23474.76812,1.26E-05,0.817852352,0.142061084
97,GMC,Sierra 2500,Truck,64526.54282,0.086571269,0.808911694,55175.01892,6.82E-06,0.638890824,-1.123268937
98,Mercedes-Benz,CLA 250,Sedan,37628.58808,0.14237245,0.788797898,28471.50969,8.29E-06,0.605888485,-0.008925059
99,Ford,Fiesta,Hatchback,17883.64512,0.109035754,0.369881033,16824.53239,1.17E-05,0.753792494,
100,RAM,2500,Truck,50654.67857,0.056098366,0.299149417,51542.25334,5.73E-06,0.51323446,
101,Audi,A6,Sedan,53644.63793,0.172932016,0.892484412,55434.09819,1.81E-05,0.887451455,
102,Land Rover,Range Rover Evoque,Sport Utility,48117.18521,0.127701774,0.816517522,52952.52274,1.58E-05,0.862698988,0.790085772
103,Porsche,Cayenne,Sport Utility,84001.56237,0.15126117,0.845245855,105000.0001,0.000772142,-3.156148535,
104,BMW,535i,Sedan,50905.86625,0.156920701,0.789752258,105000,0.0015,-8.806475317,
105,MINI,Cooper Countryman,Wagon,38407.94216,0.156929267,0.843761398,33834.98837,1.75E-05,0.83663699,0.508932242
106,Mercedes-Benz,E 300,Sedan,44726.53447,0.128528404,0.603988893,105000.0001,0.000771519,-34.93612121,
107,Kia,Optima,Sedan,20912.82858,0.092734466,0.475743044,23792.55516,1.14E-05,0.753311631,
108,Tesla,Model S,Sedan,87432.5853,0.11915663,0.59808301,60508.54307,8.00E-06,0.550876558,
109,Land Rover,Range Rover,Sport Utility,111468.7838,0.164794682,0.921845522,109234.9186,0.001499791,0.18835168,0.799134078
110,Lexus,GS 350,Sedan,50389.75706,0.139383813,0.914464023,105000.0001,0.000771447,-6.542056687,
111,BMW,335i,Sedan,42190.91465,0.120349698,0.674510419,105000,0.0015,-7.419980617,
112,Hyundai,Santa Fe,Sport Utility,24129.91992,0.103785382,0.800398117,23503.22765,8.26E-06,0.66368339,
113,Jeep,Compass,Sport Utility,26161.85473,0.129162226,0.523842932,27260.99391,1.42E-05,0.892907151,-0.625845858
114,Ford,Expedition,Sport Utility,48116.62676,0.129800761,0.911014908,49889.09473,1.09E-05,0.672746151,
115,BMW,i3,Hatchback,34947.65568,0.142147693,0.62985927,105000.0001,0.000771406,-47.65280822,
116,Nissan,Murano,Sport Utility,29199.85149,0.112660584,0.816662613,105000.0001,0.000771411,-4.561473538,
117,Mercedes-Benz,ML 350,Sport Utility,50764.61349,0.147959898,0.872590087,105000,0.0015,-7.496876142,
118,Nissan,370Z,Coupe,32137.78894,0.071908458,0.686173664,26402.88262,6.76E-06,0.652621103,-4.630731786
119,Chrysler,Pacifica,Sport Utility,30135.14483,0.11098087,0.50528348,33034.63961,8.58E-06,0.587444327,
120,Chevrolet,Colorado,Truck,33112.42008,0.089707788,0.698914565,33729.82521,9.62E-06,0.739613588,
121,Chrysler,300,Sedan,25644.3993,0.104614783,0.755771358,105000.0001,0.000771407,-5.985530443,
122,MAZDA,CX-5,Sport Utility,29308.86862,0.118235824,0.682806211,27828.44872,9.39E-06,0.706239216,
123,Nissan,Frontier,Truck,26187.65703,0.060709117,0.825655031,105000.0001,0.000775139,-12.76840573,
124,Nissan,Pathfinder,Sport Utility,29734.0978,0.112421304,0.727363738,27743.748,8.72E-06,0.847210285,0.271382058
125,Chevrolet,Silverado 3500,Truck,72610.05481,0.09859219,0.52282949,61917,0.0015,-5.057896813,
126,Honda,Ridgeline,Truck,41794.75915,0.105310326,0.953010374,37482.49954,9.12E-06,0.961474447,0.493605504
127,Volkswagen,Golf R,Hatchback,46131.2033,0.114305405,0.968624399,42568.69444,1.29E-05,0.972808451,
128,Toyota,Avalon,Sedan,43554.84029,0.146107569,0.939338286,42225.53333,0.0015,0.634780859,0.758868631
129,Mercedes-Benz,GLE 350,Sport Utility,56508.5003,0.182145996,0.912809936,57861.88249,1.83E-05,0.730430598,0.649818913
130,Honda,Passport,Sport Utility,42190,0.163327923,0.090666482,36929.20901,6.41E-06,0.006413315,-1.338158232
131,Subaru,Impreza,Hatchback,26382.47108,0.111245512,0.812407563,21329.81274,8.56E-06,0.88862299,
132,Kia,Soul,Hatchback,18047.42969,0.111704128,0.721152949,20226.90261,1.16E-05,0.811487236,0.192582136
133,smart,fortwo,Coupe,24505.60378,0.164520864,0.742598385,23251.67166,3.66E-05,0.724604597,
134,Jeep,Renegade,Sport Utility,29945.09328,0.160657823,0.344566979,24062.21619,9.72E-06,0.517614073,
135,Lincoln,Continental,Sedan,98994.33937,0.05,0.112132846,93073.31696,1.02E-05,0.150472659,
136,Volkswagen,Beetle,Convertible,29060.92192,0.134093999,0.833991285,24034.20726,1.44E-05,0.795273496,
137,INFINITI,QX80,Sport Utility,49362.59822,0.088335177,0.614054216,105000.0001,0.000771404,-27.33181159,
138,Chevrolet,Cruze,Hatchback,16904.18148,0.095422042,0.464103289,18330.2,1.02E-05,0.574252285,
139,BMW,Z4,Convertible,60999.75497,0.138716746,0.941539822,57160.86191,0.003,-0.082937242,0.656974105
140,Nissan,Versa,Hatchback,12723.77307,0.087737992,0.796986015,105000.0001,0.000771423,-16.78357664,
141,BMW,528i,Sedan,38808.30793,0.137551391,0.847486472,105000,0.0015,-5.403280103,
142,Toyota,FJ Cruiser,Sport Utility,53653.86903,0.095863484,0.843939974,105000,0.0015,-10.40123259,
143,BMW,X2,Sport Utility,39960.4066,0.174399873,0.317810086,42417.16942,1.91E-05,0.499284554,0.34118492
144,Volvo,XC90,Sport Utility,61196.64245,0.171660233,0.962615833,63440.09379,0.0025406,-0.390119292,0.892596452
145,Buick,Enclave,Sport Utility,49931.57325,0.164567723,0.793533582,51708.42597,0.001499964,-3.353021892,
146,Hyundai,Tucson,Sport Utility,21000.68801,0.093837376,0.808449115,21906.48153,8.04E-06,0.903151006,0.000565112
147,Nissan,Armada,Sport Utility,43711.2744,0.131275454,0.953384839,46621.51798,1.01E-05,0.900464222,
148,Cadillac,Escalade ESV,Sport Utility,76639.16455,0.158203721,0.857309433,88840.39969,1.70E-05,0.891564628,0.760423607
149,Porsche,Macan,Sport Utility,89483.64609,0.207384204,0.702174501,58911.92168,1.19E-05,0.762108906,
150,Chevrolet,Traverse,Sport Utility,39439.82404,0.169198412,0.925320461,105000.0001,0.000771403,-3.425291207,0.76381962
151,Ford,Flex,Sport Utility,44211.48206,0.156155848,0.71768094,35181.00018,0.001172908,-0.538638156,
152,Nissan,Titan,Truck,36779.08031,0.076632197,0.700043159,36069.24787,8.41E-06,0.731134791,
153,Mercedes-Benz,GLA 250,Sport Utility,34011.85768,0.10850734,0.719507004,33256.65933,1.05E-05,0.826796319,-2.375958591
154,Land Rover,Discovery Sport,Sport Utility,45570.05512,0.151090995,0.645733399,49168.05189,2.18E-05,0.716611147,0.793527992
155,INFINITI,QX60,Sport Utility,32408.36505,0.087460137,0.581761592,105000.0001,0.000771403,-32.75014841,
156,Lexus,RX 450h,Sport Utility,62305.43794,0.152181873,0.970225409,50860.90894,1.13E-05,0.903728481,
157,Subaru,Impreza WRX,Sedan,30652.38014,0.070547406,0.412012931,105000,0.0015,-7.646411063,
158,Lexus,CT 200h,Sedan,26820.73443,0.077663159,0.701896927,10000.00012,0.0015,-23.59121461,
159,FIAT,500,Hatchback,12966.67231,0.05,-0.016492403,105000.0001,0.000771408,-16.36311374,
160,Audi,S4,Sedan,51159.19147,0.127743105,0.891845788,105000,0.001126875,-5.476536546,
161,GMC,Terrain,Sport Utility,25654.04435,0.090412936,0.729510382,105000.0002,0.000832014,-12.29169898,-2.510930907
162,Audi,A5,Convertible,44477.46306,0.150664133,0.922650593,36142.87533,1.15E-05,0.56879722,
163,MAZDA,MX-5 Miata,Convertible,25978.83666,0.074970234,0.911541517,105000.0001,0.0007785,-5.100224548,
164,Cadillac,XT5,Sport Utility,36567.13006,0.105418661,0.048951566,48644.7051,1.57E-05,0.651501259,
165,Nissan,Leaf,Hatchback,29682.83277,0.18524132,0.693951622,105000,0.0015,-10.10607975,
166,Ford,Taurus,Sedan,22436.53276,0.124142773,0.925964835,105000,0.001126875,-4.370131109,
167,Lincoln,MKC,Sport Utility,38306.08752,0.150078656,0.577247578,34056.46148,1.26E-05,0.702719125,
168,Jaguar,F-PACE,Sport Utility,54720.6847,0.101222237,0.401910822,57216.21246,1.69E-05,0.527816507,0.136392878
169,Lexus,LS 460,Sedan,59601.66419,0.125617048,0.880495045,105000,0.0015,-5.082788345,
170,Mercedes-Benz,SL 500,Convertible,77653.09636,0.109678626,0.228750024,105000,0.0015,-10.41244266,
171,Chevrolet,Avalanche,Truck,38748.73237,0.093476595,0.637282824,105000,0.0015,-8.278009894,
172,Cadillac,SRX,Sport Utility,41635.07306,0.145673452,0.883393729,105000,0.0015,-8.662526813,
173,Audi,S5,Convertible,63954.35234,0.149032517,0.909341942,105000.0001,0.000773061,-6.294519048,
174,Toyota,Yaris,Hatchback,17835.28674,0.098955222,0.914143305,17261.91109,9.27E-06,0.892045835,0.438643349
175,Mercedes-Benz,GL 450,Sport Utility,66910.35385,0.160059287,0.85939007,105000,0.0015,-5.315611011,
176,HUMMER,H2,Sport Utility,134827.2278,0.127105102,0.049406908,16999.00002,0.0015,-3.516043052,
177,Toyota,Venza,Sport Utility,17830.61475,0.05,0.035185877,10499.01033,0.0015,-18.57508301,
178,Ford,Transit Connect,Van,31340.13656,0.10422336,0.556825884,30014.3073,1.06E-05,0.647075327,-0.668001128
179,INFINITI,G35,Sedan,21382.92841,0.072696702,0.043741019,105000,0.0015,-18.63400337,
180,Ford,E-350 and Econoline 350,Van,27763.72998,0.073909241,0.233471746,117760.7551,0.00125955,-2.440518987,
181,BMW,M5,Sedan,97979.83454,0.129024832,0.734227991,109390,0.0015,-0.674382836,0.522072862
182,Mercedes-Benz,C 250,Sedan,32684.87662,0.135630907,0.401162066,105000,0.0015,-34.55963304,
183,Kia,Sorento,Sport Utility,29294.9938,0.125187919,0.611261449,105000.0001,0.000774787,-5.520307826,
184,Lexus,RX 330,Sport Utility,17122.84753,0.05,-0.140996885,10000,0.0015,-32.92441333,
185,Lexus,GX 460,Sport Utility,51372.89343,0.10572126,0.714219163,50774.50359,8.19E-06,0.84778338,
186,Acura,TSX,Wagon,39024.22677,0.132453306,0.711290216,105000,0.0015,-13.15120159,
187,Mercedes-Benz,CLS 550,Sedan,164879.3962,0.331737731,0.72850572,99315.00001,0.0015,-1.545220319,
188,Toyota,C-HR,Sport Utility,23880.588,0.115140424,0.455498352,22999.48588,1.02E-05,0.692404286,-0.586374062
189,Mercedes-Benz,GLK 350,Sport Utility,42890.16596,0.137848888,0.689152989,105000,0.0015,-17.48532603,
190,Chevrolet,Volt,Hatchback,23519.35325,0.09589296,0.63760515,105000,0.0015,-16.37852183,
191,Mercedes-Benz,SL 550,Convertible,108705.4893,0.153577243,0.791251352,105000,0.0015,-11.54609278,
192,Jaguar,F-TYPE,Coupe,79540.83797,0.107321495,0.349713988,80465.06369,2.51E-05,0.815518838,-0.886890678
193,Audi,Q3,Sport Utility,38246.37916,0.157420924,0.895173538,38441.08221,1.60E-05,0.781228703,0.643477254
194,Audi,A8,Sedan,56486.98448,0.116267785,0.850634872,105000,0.0015,-6.495393547,
195,Lexus,IS 200t,Sedan,32945.3442,0.103521857,0.287642088,105000.0001,0.00077172,-118.892698,
196,BMW,M4,Coupe,102260.6159,0.216234525,0.369327728,102077.8442,2.68E-05,0.490755793,0.207359088
197,Dodge,Journey,Sport Utility,27397.01464,0.147837422,0.639258607,22955.75203,1.17E-05,0.813762747,
198,MINI,Cooper Clubman,Wagon,39405.51446,0.18167194,0.892030404,33255.21778,2.08E-05,0.812363248,0.737172372
199,Hyundai,Accent,Sedan,14421.7919,0.090960514,0.854479809,105000.0001,0.00077285,-6.029502489,
200,Lexus,IS 350,Sedan,47733.40335,0.126686417,0.942743671,39716.2134,1.03E-05,0.938907804,
201,Lexus,SC 430,Convertible,43540.67124,0.081200704,0.334608548,105000,0.0015,-12.88637097,
202,Jeep,Liberty,Sport Utility,12660.22899,0.05,0.306975333,105000,0.0015,-14.74149382,
203,Subaru,WRX,Sedan,32244.1725,0.089200009,0.243189693,31588.29662,7.84E-06,0.651580316,-3.837532439
204,BMW,320i,Sedan,30539.60172,0.130564956,0.695583864,105000.0001,0.000771406,-21.85361639,
205,INFINITI,QX50,Sport Utility,45095.07309,0.215431334,0.912929095,43006.55342,2.02E-05,0.810142962,
206,Nissan,Xterra,Sport Utility,37740.87813,0.12866535,0.763320767,10000,0.0015,-3.021952615,
207,Lexus,ES 300h,Sedan,51242.55165,0.15010492,0.925980661,45005.53519,1.52E-05,0.835891398,0.654281399
208,MAZDA,CX-9,Sport Utility,43734.99614,0.168368697,0.942507965,35357.08353,1.40E-05,0.794492408,0.599383795
209,Lexus,RC 350,Coupe,56219.42441,0.149991015,0.872475313,49399.78771,1.23E-05,0.802031924,
210,Lexus,NX 200t,Sport Utility,31826.86521,0.052157658,0.218920683,105000,0.001126875,-194.3150602,
211,RAM,3500,Truck,53656.65792,0.05,0.252999302,52180.1708,4.60E-06,0.370952379,
212,Volvo,XC60,Sport Utility,52354.14215,0.206096105,0.855120753,50644.54487,1.57E-05,0.970092031,0.811336961
213,Mercedes-Benz,C 63 AMG,Coupe,79668.82965,0.124130163,0.932767564,75681.33344,1.57E-05,0.936661937,-0.158614914
214,Land Rover,Range Rover Velar,Sport Utility,62520.17457,0.128585804,0.044942002,69768.5873,2.50E-05,0.632614872,-0.516008651
215,Mercedes-Benz,E 63 AMG,Sedan,115023.6735,0.157112571,0.964364748,105914.6838,1.60E-05,0.805564017,0.33654803
216,Toyota,Land Cruiser,Sport Utility,94957.85507,0.103033591,0.969502469,87549.5,0.0015,0.404506569,0.441857741
217,Volkswagen,Touareg,Sport Utility,48126.94945,0.151015631,0.597458568,105000,0.0015,-5.126898634,
218,Volvo,S60,Sedan,38310.43886,0.16801566,0.905050146,40930.19616,2.30E-05,0.893774107,0.671621667
219,Nissan,350Z,Coupe,20250.85155,0.05,-0.028851854,105000,0.001126875,-22.05589585,
220,Lincoln,MKZ,Sedan,39290.63264,0.165321956,0.630347213,37460.13025,1.61E-05,0.854897927,0.569673151
221,Lincoln,MKX,Sport Utility,65495.39624,0.215586649,0.805508385,53106.85714,0.0015,0.321018694,
222,Jaguar,XF,Wagon,59751.36061,0.177695715,0.66021388,63766.2,0.0015,0.600182497,0.217597641
223,BMW,330i xDrive,Sedan,50810.91423,0.199036457,0.863876653,48168.4436,2.24E-05,0.871783757,0.732781781
224,Subaru,Legacy,Sedan,19555.00493,0.057985029,0.32543969,24288.02703,8.48E-06,0.878287963,
225,Hyundai,Veloster,Hatchback,17056.22369,0.084470243,0.589566824,105000.0003,0.000771403,-10.87850125,
226,Buick,LaCrosse,Sedan,42968.56381,0.167868853,0.79110219,105000.0001,0.000771408,-5.595941825,
227,Scion,tC,Coupe,23598.208,0.122234342,0.689076263,105000.0001,0.000771412,-5.473306313,
228,Buick,Encore,Sedan,20141.9185,0.088108137,0.439941445,20385.1949,8.16E-06,0.788181628,-1.289448501
229,Acura,TLX,Sedan,34947.84439,0.125274861,0.872375684,34831.49421,1.79E-05,0.768908385,-0.155692615
230,Chevrolet,Express 3500,Van,30679.84086,0.066536932,0.465741839,34901.00009,0.0015,-4.32521795,
231,Ford,E-150 and Econoline 150,Van,22614.04684,0.057742427,0.283801589,105000,0.0015,-10.65603273,
232,Chrysler,PT Cruiser,Wagon,10000,0.065318962,-0.321867032,105000,0.0015,-17.51160185,
233,Scion,xB,Wagon,21150.21355,0.114079993,0.837995138,105000,0.0015,-10.399026,
234,Subaru,Crosstrek,Sport Utility,27651.11715,0.088907389,0.382566814,105000.0002,0.000798674,-54.91531463,
235,BMW,328i xDrive,Sedan,39365.67171,0.142106629,0.889046927,105000,0.001126875,-9.342278571,
236,Toyota,Prius C,Hatchback,22153.28119,0.11034973,0.790411727,105000,0.001126875,-11.96076433,
237,Cadillac,XTS,Sedan,26717.23644,0.0546755,-0.059510285,44871.52053,1.97E-05,0.827954925,
238,BMW,128i,Convertible,26904.38532,0.098759124,0.442241686,105000,0.0015,-15.05730971,
239,BMW,430i,Coupe,48174.38515,0.227003838,0.829708036,45241.54462,1.65E-05,0.804194183,0.803976289
240,Kia,Sportage,Sport Utility,26242.92994,0.121751634,0.779277725,25954.83057,1.09E-05,0.898070205,0.077525316
241,INFINITI,Q60,Coupe,50219.17665,0.159870451,0.713587569,42816.72505,1.40E-05,0.817527363,
242,Mitsubishi,Eclipse Cross,Sport Utility,24650.04513,0.069680136,0.294663227,22830.37213,4.41E-05,0.336871628,-6.613952721
243,Ferrari,California,Convertible,199256.2811,0.079265062,0.889787455,152005.4881,2.26E-05,0.435711516,
244,Jeep,Patriot,Sport Utility,16397.08222,0.079775952,0.411263936,105000,0.001126875,-19.20540198,
245,BMW,428i,Convertible,47258.22554,0.170602753,0.551197451,105000,0.0015,-30.27980457,
246,BMW,530i,Sedan,61068.96447,0.190032782,0.917757491,51176.74691,1.57E-05,0.956637289,
247,Chevrolet,Express 2500,Van,26877.52894,0.088894453,0.677369782,20094.79373,4.76E-06,0.385762631,
248,Maserati,GranTurismo,Coupe,121120.4542,0.13976347,0.894455867,105000.0001,0.000772361,-7.029654177,
249,BMW,550i,Sedan,81808.49843,0.197481904,0.889793991,105000,0.0015,-5.773367741,
250,Ford,Transit 250,Van,42923.96809,0.05,-0.699297821,39527.66667,0.0015,-10.27729361,
251,Dodge,Ram 3500 Truck,Truck,57681.65102,0.05,-0.125230747,105000,0.0015,-15.90737756,
252,Honda,Insight,Sedan,28844.17406,0.152258165,0.924753762,28423.33333,0.0015,0.670257948,0.626139855
253,MAZDA,MAZDA5,Van,19413.13555,0.121642867,0.619876358,105000,0.0015,-9.799206119,
254,BMW,430i Gran Coupe,Hatchback,42474.64264,0.151902478,0.788788582,47511.97563,1.69E-05,0.810162611,0.878285418
255,Ford,Transit 350,Van,41219.65972,0.05,-0.024251125,44756.20703,1.67E-05,0.832595286,
256,Ford,E-250 and Econoline 250,Van,45547.65083,0.137135759,0.826292585,105000,0.0015,-7.594580002,
257,Subaru,XV Crosstrek,Wagon,27522.21933,0.085807347,0.452158676,105000,0.0015,-60.00616355,
258,Nissan,NV,Van,36403.35216,0.093604108,0.516534651,33855.62875,7.12E-06,0.888728609,-2.746328312
259,Maserati,Ghibli,Sedan,72363.11531,0.188520263,0.44745233,105000,0.001126875,-13.4663458,
260,Porsche,Cayman,Coupe,82751.6669,0.09169114,0.518998924,105000,0.001126875,-7.904162461,
261,BMW,M2,Coupe,64853.43909,0.160939241,0.800568275,62720.84102,1.72E-05,0.839150845,0.304672447
262,Cadillac,ATS,Coupe,34334.91642,0.123413895,0.437790404,105000.0001,0.000771403,-9.281710008,
263,INFINITI,Q70,Sedan,32644.8701,0.069231018,0.318988554,105000.0001,0.000771407,-48.83734328,
264,Jaguar,XE,Sedan,46208.77146,0.118196728,0.538254361,44043.94666,1.73E-05,0.710513014,-0.125717742
265,Toyota,Matrix,Hatchback,19833.23094,0.091364854,0.626112591,105000,0.0015,-21.8150992,
266,Chevrolet,Sonic,Hatchback,15074.84997,0.088771896,0.692408319,105000.0001,0.000771768,-10.61055045,
267,Hyundai,Genesis,Sedan,37317.82991,0.144912254,0.742104699,105000,0.0015,-9.452062816,
268,GMC,Canyon,Truck,34408.06813,0.079463544,0.697453417,31267.43701,7.92E-06,0.570624664,
269,INFINITI,FX35,Sport Utility,44957.70512,0.128185486,0.813548759,105000,0.0015,-15.06274464,
270,Toyota,Prius V,Wagon,25946.78702,0.107711744,0.139710385,12499.00295,0.0015,-31.84530398,
271,Mercedes-Benz,GLS 450,Sport Utility,70861.36983,0.14407422,0.464666631,77432.23028,1.47E-05,0.954520078,-0.125222694
272,Lincoln,Navigator,Sport Utility,84105.40232,0.267490091,0.922743724,94340,0.0015,0.189747547,0.880696077
273,BMW,650i,Convertible,75425.08118,0.165674586,0.884771887,105000,0.0015,-5.487705722,
274,Chevrolet,Trax,Sport Utility,23384.15998,0.102811265,0.285954578,23283.28685,1.60E-05,0.709979527,-1.992642755
275,Dodge,Dakota,Truck,55817.66716,0.156571585,0.793633446,105000.0001,0.000771428,-7.891214375,
276,BMW,X4,Sport Utility,61442.59221,0.194136926,0.926166141,62553.04985,0.003,-2.331075445,0.9579013
277,BMW,750i,Sedan,91223.38078,0.213343192,0.974637076,105000.0001,0.000771403,-2.361632834,
278,INFINITI,QX56,Sport Utility,53741.51784,0.131314519,0.853196233,10000,0.0015,-8.366263872,
279,BMW,230i,Convertible,42809.80246,0.20590567,0.785916175,44796.58749,2.60E-05,0.856379852,0.805003572
280,Volkswagen,Eos,Convertible,35914.59464,0.148735681,0.757851862,105000,0.0015,-8.808666071,
281,Honda,S2000,Convertible,79835.36831,0.079869073,0.320375788,28869.22331,5.09E-06,0.192518892,
282,MAZDA,MAZDA6,Sedan,23108.83641,0.120494887,0.846862243,105000,0.001126875,-7.441183915,
283,BMW,228i,Coupe,46785.78767,0.197363949,0.555514679,105000,0.0015,-65.37983506,
284,Mercedes-Benz,Sprinter,Van,55978.21047,0.05,-0.06038623,60850.38158,1.14E-05,0.392254955,
285,BMW,135i,Convertible,22736.86438,0.05,0.108457008,105000,0.0015,-16.25698899,
286,Mercedes-Benz,C 230,Sedan,28721.98407,0.111753425,0.53690765,105000,0.0015,-12.24664027,
287,Chevrolet,HHR,Wagon,15466.80562,0.088512836,0.181556696,105000,0.0015,-12.3362309,
288,Lexus,NX 300,Sport Utility,39818.63982,0.077710057,0.329888704,38777.34292,1.01E-05,0.91548108,-7.851474998
289,Lexus,IS 300,Sedan,34592.75109,0.081030435,0.115264069,35461.39981,1.09E-05,0.466717208,
290,Nissan,Juke,Sport Utility,19654.35648,0.084212656,0.559948111,105000,0.0015,-19.83012942,