Entry,Make,Model,Body,Fit_age_a,Fit_age_b,Fit_age_R2,Fit_miles_a,Fit_miles_b,Fit_miles_R2,Fit_age_cw_R2
1,Toyota,Camry,Sedan,26339.304390226476,0.1085719219465661,0.7825620190739409,29995.191587099696,1.3107236711880152e-05,0.8571153386752329,0.7371119425116524
2,Ford,F150,Truck,43603.91853952011,0.10003277760669678,0.6384423898554361,43535.63487109299,9.57726099870802e-06,0.6362874277963962,0.1990888689612158
3,Honda,Civic,Sedan,24936.871392671106,0.11055464193905633,0.8453749426249677,24051.62030628605,1.0723724541945896e-05,0.824741894903765,0.4863018837920765
4,Toyota,Corolla,Sedan,19776.21842818838,0.08972004067710829,0.8180573735469671,21826.176500935704,1.0875381347764209e-05,0.8827758730657475,0.5888368411964411
5,Chevrolet,Silverado 1500,Truck,37447.646220866816,0.08078423595155797,0.6812058548906019,33598.8688622774,6.523598746113678e-06,0.5824063491301639,-0.5485289181719444
6,Toyota,RAV4,Sport Utility,33376.128356005254,0.1191897889633972,0.850533366813131,33387.321739449144,1.183867706661696e-05,0.8329443091736407,0.6953532589374987
7,Toyota,Tacoma,Truck,35495.446947816956,0.06593808546801919,0.7789564837930689,35188.18717643208,6.542975715713407e-06,0.750049745751059,-0.22337787421569888
8,Honda,Accord,,28643.46690409488,0.1121233409638844,0.8808006696644123,28517.368917247455,1.1384958054288844e-05,0.8813953670103488,0.4231254306661494
9,Toyota,Highlander,Sport Utility,47702.70579465209,0.13659200982667988,0.9042612780435626,43369.032118016185,1.0752757570298553e-05,0.9064945458334519,0.7115563659307769
10,Jeep,Wrangler,Convertible,43933.019388069835,0.07852126615321367,0.6132072806199076,38420.41765720099,7.353543739889579e-06,0.5791840933900412,-0.33509849652383394
11,Honda,CR-V,Sport Utility,30261.21005050866,0.1055304104935973,0.9049128282935492,29036.05981779509,1.0124473233427036e-05,0.8902661696409725,0.35347347793160344
12,Ford,Mustang,Coupe,27704.35134317578,0.055901968924247,0.18499714664677402,38669.920205710914,1.5286288880277832e-05,0.6259921856536846,
13,Jeep,Grand Cherokee,Sport Utility,39042.041596610405,0.10622306547247203,0.41171873474526754,43858.34053112677,1.1572338731858999e-05,0.607580735953584,-0.341883019536972
14,Toyota,Prius,Hatchback,30148.10008552677,0.1225726058354239,0.8962022997994432,24581.95086848291,8.706437411834085e-06,0.6983676948741703,0.5351202452616269
15,BMW,X3,Sport Utility,45274.41964333173,0.16467726448263578,0.8924817941600498,48366.60433640596,1.8523662386090593e-05,0.9262715392138801,0.8910869675170323
16,Toyota,Tundra,Truck,46706.644718238385,0.089463301006963,0.8608095639893206,44508.34959087269,8.55172789949096e-06,0.8365901361992306,0.2832185674240879
17,BMW,330i,Sedan,44064.001326538266,0.1577811240914597,0.8022249771794533,45567.84634281221,2.3523376099235534e-05,0.849577120085199,0.8027980335384914
18,Toyota,4Runner,Sport Utility,45247.520215074124,0.09616605114947568,0.9014695366291297,43364.47559651985,8.159591577262328e-06,0.8858753930885871,0.5654498534034378
19,Ford,F250,,54663.89792834569,0.08108291298960882,0.7343630655898102,50957.90882797546,8.01674410977557e-06,0.6091142790235979,0.3132737596251136
20,RAM,1500,Truck,38404.290007231735,0.10231291571562554,0.45093396722216506,35498.12316041697,7.635326161457057e-06,0.49682754779924365,
21,Volkswagen,Jetta,Sedan,23166.75403526993,0.1283600341620648,0.8096944288451484,21855.243212894733,1.3058473008470799e-05,0.8260025449523367,
22,Ford,Explorer,Sport Utility,43315.46720703569,0.1532470363981412,0.628563368887423,41602.02269807491,1.2974091643972552e-05,0.7713455397170619,0.5858471785980786
23,BMW,328i,Sedan,26805.360495301145,0.09578363443642313,0.7962906403875978,105000.00014388851,0.0007759882202018078,-5.734784488868957,
24,Porsche,911,Coupe,135080.5083220927,0.05434219800849543,0.24935477028327002,147287.4573858155,2.1164433616169405e-05,0.4279044389654567,-0.7326498280708096
25,Dodge,Challenger,Coupe,30928.005946312238,0.0601497362709585,0.10440962515660868,43960.58935035161,1.7392151005430164e-05,0.5000388867069219,
26,Toyota,Sienna,Van,36959.304899664654,0.1170215343092521,0.8559986055986784,41437.07297561196,1.1921116115950286e-05,0.9192680769960724,0.7369614065526564
27,Chevrolet,Tahoe,Sport Utility,49838.63865387436,0.11628997034978299,0.9074774527978832,51240.60568651279,9.545265604525294e-06,0.8321828556276143,
28,Honda,Fit,Hatchback,19977.85685921832,0.09588470073868395,0.9339058924686523,19002.106125769118,9.874298466656704e-06,0.9383018509820102,0.3147149646802605
29,Ford,Fusion,Sedan,36242.51961365683,0.17884991159127656,0.7047745421833966,29082.664724775183,1.6793744436989378e-05,0.7832028675974625,
30,BMW,X5,Sport Utility,69174.70399154833,0.1813198373557065,0.9520870977745903,67108.53890474107,1.745977201088594e-05,0.9410568799100428,0.9259313971005136
31,Chevrolet,Corvette,Coupe,62691.76615101666,0.07766719390006441,0.702269851690495,52284.5683246662,1.5211312959872187e-05,0.7287506718776378,
32,Chevrolet,Camaro,Convertible,35030.1256692689,0.09433759180439166,0.48089467800748786,35704.74813561974,1.2631371641178108e-05,0.6093676005020867,
33,Honda,Pilot,,41503.44386667071,0.1305823466153486,0.9087918701763259,38415.21548782056,9.70647677526876e-06,0.9444073973063197,0.5221371820627252
34,Lexus,RX 350,Sport Utility,68633.7474263369,0.17750071410487703,0.9285575022399711,55263.8591306431,1.4263562658578563e-05,0.9096207310822149,
35,Mercedes-Benz,C 300,Sedan,40527.35325440781,0.13988754129008266,0.8979864644713613,39804.481293708144,1.506568587021456e-05,0.8392106256340213,0.6216658444789394
36,Honda,Odyssey,Van,40292.23346839193,0.13407176538362026,0.9292312206771706,36909.541664934106,1.0596689102144763e-05,0.8970680765413145,0.5933401293867682
37,Volkswagen,Tiguan,Sport Utility,27016.3103089502,0.13891059291641022,0.8711819269920025,28728.981714337544,1.5168507678315236e-05,0.8967082379322229,0.8247188202092348
38,Ford,Escape,Sport Utility,27854.71459983505,0.12414702308229467,0.6769942278031895,27617.822952457864,1.2774168543707575e-05,0.8501945129291022,
39,Ford,Edge,Sport Utility,31265.980036971298,0.13212853386847928,0.5496496004954514,36356.756091211944,1.4163269944826142e-05,0.8811246849849008,
40,GMC,Sierra 1500,,48625.17914361506,0.1056736771601927,0.7766283117788009,35303.90511206691,6.202644449023333e-06,0.49553774032157083,-0.41309197186072244
41,Nissan,Altima,Sedan,21595.855431476422,0.12314166118882272,0.7892831583033197,22305.337335191933,1.107585917298595e-05,0.8112842975248502,0.7046787819826807
42,MINI,Cooper,,27289.052085248146,0.1216432724761822,0.8719763655882159,28116.960823818645,1.711606226765591e-05,0.8643766867039635,0.6779793880638153
43,Volkswagen,Golf,Wagon,30179.529398198436,0.15554996416450695,0.7955395644264328,25212.54205408897,0.0029999999986189464,-0.5463433970438665,
44,Chevrolet,Suburban,Sport Utility,58872.46256043991,0.13818055359966155,0.7555749146306465,57895.75185994181,1.1281266937661333e-05,0.9205870289893784,0.6378097163615013
45,Mercedes-Benz,E 350,Sedan,53017.23168733729,0.15665095300047974,0.8879357603464927,48188.33691466321,1.6027342711553073e-05,0.7766346043729705,0.21216453380742484
46,Subaru,Outback,Sport Utility,36447.91807509544,0.13433023582297654,0.8870836476598774,31292.248150489173,9.731249527550832e-06,0.8010591915277485,0.6384029313136346
47,BMW,X1,Sport Utility,42915.10182783073,0.19440561064750492,0.920119965086322,38657.68063576531,1.673037119507558e-05,0.8706148030098594,0.7804803928557914
48,Ford,Ranger,Truck,38131.25877131806,0.09952554134138704,0.8433925479174952,34245.18160349509,1.3060447390236618e-05,0.8018676355969524,
49,Audi,A4,Wagon,39458.71510609152,0.1519126481839219,0.9125610170337992,37153.06359649262,1.4684173237927894e-05,0.7758515050501471,
50,Acura,MDX,,55519.26046118813,0.16035484140667774,0.8916820738697117,46603.63480309664,1.190274003519514e-05,0.9016655136203078,
51,GMC,Yukon,Sport Utility,50959.50530138062,0.11341259319449568,0.8825517968036146,105000.0,0.0015,-4.009851562823936,
52,Volkswagen,GTI,Hatchback,35480.4802269419,0.1384490522047473,0.8953224197495188,30406.834394240956,1.2237079684288097e-05,0.8808006424770387,
53,Chevrolet,Silverado 2500,Truck,61535.64913762536,0.09451423408835413,0.7652812829875777,44205.23768751721,5.321480906270229e-06,0.4830455796117358,-0.4674986851717442
54,Audi,Q5,Sport Utility,44271.24754031985,0.145670204176121,0.87017167951932,41724.67040315142,1.2525628725439115e-05,0.8767300208908736,
55,GMC,Acadia,Sport Utility,34119.53900048633,0.10241329811496815,0.6697966067552823,36185.03819065661,1.0285073858153049e-05,0.809952267723175,-0.14707288001844865
56,Dodge,Durango,Sport Utility,41347.95442080362,0.12890372542482167,0.6454464141043783,38843.183559590674,9.563543766837703e-06,0.6796702986416376,
57,Ford,F350,Truck,54013.18743092853,0.07416333578716588,0.7308789736070269,47498.08454927345,6.923947325162119e-06,0.6066255919873044,
58,Ford,Focus,Hatchback,27442.668151449514,0.1539416754858088,0.5236163843872477,17790.377666503726,9.283558629481236e-06,0.38931248358661075,
59,Land Rover,Range Rover Sport,Sport Utility,95045.87494162844,0.1933605939129775,0.9226075921742326,92533.81625107343,1.845280136319302e-05,0.907870308397233,0.8755167529912118
60,Volkswagen,Passat,Sedan,28439.93970865814,0.15376714570103828,0.7926274805557316,24889.588021904066,1.3990633901389238e-05,0.796389293757451,0.2884134987593796
61,Cadillac,Escalade,,73133.9462882349,0.13669048358487795,0.9353889726349172,74269.71146184656,1.3123312516623822e-05,0.843538265620307,0.8113505265678804
62,MAZDA,MAZDA3,Hatchback,27169.986228326517,0.1383142764941269,0.6641879968060769,21381.742621908186,9.374656453968458e-06,0.5857011527211125,
63,Nissan,Rogue,Sport Utility,23080.39905851038,0.1153577178122386,0.7473213989711103,26998.268027288992,0.0014996042734034458,-5.052855783274654,
64,Audi,A3,Hatchback,36069.712827944604,0.14615683288266326,0.9029762545372854,31176.183493047476,1.4378901715330164e-05,0.7866476016451919,0.4623538795722726
65,Dodge,Charger,Sedan,36038.79544475133,0.1417968077598701,0.6320127702078491,36420.357723988054,1.2085058496422447e-05,0.6723474645259175,
66,Chevrolet,Equinox,Sport Utility,20705.57376399389,0.08726929551071873,0.5537669953062357,25807.61271624282,1.12098884822309e-05,0.7799767712008912,-0.4881734722019615
67,Dodge,Ram 1500 Truck,Truck,50969.188871835366,0.11485928902796431,0.5262116766135511,12184.013227632053,0.002965515580616313,-9.188498344966726,
68,Subaru,Forester,Sport Utility,31694.122265938684,0.12028438104232254,0.8942800900487313,26463.619901578724,9.188145273653466e-06,0.6465222372672107,0.2167143470082481
69,Nissan,Sentra,Sedan,15330.994896047445,0.09160245373190938,0.7340837239663849,16227.233609802908,8.772128545244422e-06,0.8830710026386528,
70,Toyota,Sequoia,Sport Utility,64723.54222145472,0.128549144804958,0.8637704218281295,54514.22772787481,1.1225266708018431e-05,0.789288237809582,0.6554313352902958
71,BMW,M3,Sedan,62467.62309011339,0.07956131035010429,0.8130329146772726,63884.66119051506,1.2152910398178992e-05,0.8436141434398199,
72,Hyundai,Elantra,Hatchback,16752.510870814393,0.09953120868709024,0.7874088699936889,17411.52634437026,9.29244884913922e-06,0.8603123429531668,-1.3253274450998207
73,Dodge,Ram 2500 Truck,Truck,51039.18840807099,0.05000000000000001,0.06382982561906458,105000.0,0.0015,-13.028805253378856,
74,Acura,RDX,Sport Utility,40842.09665230896,0.14669290246080594,0.951134229864207,41557.64062390308,1.3701173852019908e-05,0.9370681216991927,0.7490706500985114
75,Mitsubishi,Outlander,Sport Utility,30165.733106069714,0.16436490335635862,-0.11250587093922526,32826.011892875234,0.0006709825182473991,0.09000033386829653,-0.8883944078253707
76,Honda,HR-V,Sport Utility,25648.948542350077,0.0891008220508699,0.43812805838835933,25092.05324394241,0.0029999999999999996,-5.81150416947596,-2.9015944956588338
77,Chevrolet,Impala,Sedan,23059.28521982037,0.13088833554300813,0.513733695011435,31119.00432778115,1.6833732609481573e-05,0.8997464804484643,
78,Lexus,IS 250,Sedan,43264.22480193548,0.13011294541483476,0.8936020515656832,105000.0,0.001126875,-6.793257891410999,
79,Lexus,ES 350,Sedan,45816.179760849656,0.143560001891355,0.8905406396620477,34960.13899362011,1.1569283348015455e-05,0.6809102885763901,
80,Jeep,Cherokee,Sport Utility,20717.530144885586,0.05739316958031729,0.46767033331176744,21520.263441757892,4.828306022171676e-06,0.3618359517910186,
81,Audi,Q7,Sport Utility,57546.18382952306,0.14477041687005618,0.9291214298561515,59808.140430062725,1.4349200181575491e-05,0.8285984216464427,
82,Hyundai,Sonata,Sedan,22750.97165679443,0.118760929069414,0.7701733306048401,105000.00006751105,0.0007714041363467667,-6.135584135853749,
83,Mercedes-Benz,S 550,Sedan,90245.56627264491,0.15631105755066155,0.8958693545239338,105000.0,0.0015,-4.2697743928864815,
84,GMC,Yukon XL,,49587.993187597494,0.1255959557109288,0.9366499355918804,59674.79832464596,1.1099782959650617e-05,0.9374798380915389,0.7091307744076413
85,Dodge,Grand Caravan,Van,19720.27137539338,0.09375977974884538,0.4699120557397035,105000.0,0.0011268749999999998,-4.966561522687157,
86,Porsche,Boxster,Convertible,55904.72066522973,0.07237744017351708,0.7950314029215512,40082.40897220004,1.116881681418318e-05,0.36780328388385597,
87,Nissan,Maxima,Sedan,31933.382700798644,0.14501677351373643,0.6775222440978306,30953.529808014995,1.2595005669301026e-05,0.8617205228426297,0.7041155752617343
88,Mercedes-Benz,GLC 300,Sport Utility,41198.308365210105,0.126122855887781,0.5771507065094955,40285.40028079012,9.813317642777782e-06,0.6389157181500176,-0.8164130162622805
89,Acura,TL,Sedan,29988.86621988049,0.10578907801733957,0.706776112956381,105000.0,0.0015,-7.80088598503175,
90,INFINITI,Q50,Sedan,31630.122331716302,0.09202976903170873,0.445885045392979,58417.50991868382,0.0022354389449756903,-17.978531596344876,-1.985091694709336
91,Mitsubishi,Outlander Sport,Sport Utility,20748.187124665918,0.10567021018744535,0.6078865046592454,20846.70333415752,1.0537350485940107e-05,0.6897709882392313,0.1178606759657721
92,Cadillac,CTS,Sedan,46778.83705607555,0.09830797429356306,0.07192071498917074,52380.69939234057,1.0849991934997342e-05,0.5727691701872231,
93,INFINITI,G37,Coupe,38851.222360983375,0.11313357345396548,0.3976803582355791,19576.731382440463,4.419431380423049e-06,0.2570306209215024,
94,Toyota,Prius Prime,Hatchback,30106.659120118227,0.07696098743524821,0.22846848128128028,30843.720898998115,1.1617154898509979e-05,0.40516567174634344,-1.867594384590523
95,Porsche,Panamera,,172666.36894895998,0.2317766019743465,0.7836221572347152,130186.70938163197,2.30751391958508e-05,0.8551180200458011,
96,Chevrolet,Malibu,Sedan,20976.91729683025,0.10589784430848818,0.6943122545858019,23474.76811654075,1.2614226349467042e-05,0.8178523515209569,0.14206108365781278
97,GMC,Sierra 2500,Truck,64526.54282187538,0.08657126902527913,0.8089116938856076,55175.01892431524,6.8208693709085985e-06,0.6388908241687594,-1.1232689368375408
98,Mercedes-Benz,CLA 250,Sedan,37628.58808164318,0.1423724502879049,0.7887978978414097,28471.509686883877,8.290759665003498e-06,0.6058884854844986,-0.008925059393406931
99,Ford,Fiesta,Hatchback,17883.64511983279,0.1090357535335201,0.3698810334777658,16824.532389362557,1.1693896475954776e-05,0.7537924937947746,
100,RAM,2500,Truck,50654.67856998543,0.05609836592320523,0.2991494166385138,51542.25334015528,5.731777799826695e-06,0.5132344598334347,
101,Audi,A6,Sedan,53644.63792793297,0.1729320163296048,0.8924844123444821,55434.0981869438,1.8085639284285706e-05,0.8874514548288674,
102,Land Rover,Range Rover Evoque,Sport Utility,48117.185209527786,0.12770177419367018,0.8165175218735774,52952.5227355512,1.584745742270252e-05,0.8626989875858455,0.7900857724807062
103,Porsche,Cayenne,Sport Utility,84001.56236840498,0.15126117040284556,0.8452458548791,105000.00013234295,0.0007721422116430034,-3.156148535477561,
104,BMW,535i,Sedan,50905.866248266175,0.15692070132586003,0.7897522583509824,105000.0,0.0015,-8.80647531711754,
105,MINI,Cooper Countryman,Wagon,38407.94215730732,0.15692926729184212,0.8437613982404852,33834.98836779641,1.7512163038719035e-05,0.8366369898970322,0.5089322415405839
106,Mercedes-Benz,E 300,Sedan,44726.53446588427,0.12852840405139845,0.6039888930854765,105000.00010655397,0.000771519469709428,-34.93612120667566,
107,Kia,Optima,Sedan,20912.82857783349,0.09273446555632749,0.4757430443002617,23792.55516206996,1.1433572586317824e-05,0.7533116306298533,
108,Tesla,Model S,Sedan,87432.58529819513,0.11915663006666564,0.5980830095085774,60508.54306763704,8.001182403205448e-06,0.5508765584080321,
109,Land Rover,Range Rover,Sport Utility,111468.78380394256,0.16479468193823366,0.921845522110565,109234.91856613141,0.0014997914875891079,0.1883516802132279,0.7991340779572266
110,Lexus,GS 350,Sedan,50389.75705707854,0.13938381268182623,0.9144640234366128,105000.00009628371,0.0007714470759573705,-6.54205668701831,
111,BMW,335i,Sedan,42190.914649850085,0.12034969842688116,0.6745104188598721,105000.0,0.0015,-7.419980616763667,
112,Hyundai,Santa Fe,Sport Utility,24129.919921964974,0.10378538217700435,0.8003981166392216,23503.227649421264,8.263659783558617e-06,0.6636833902749809,
113,Jeep,Compass,Sport Utility,26161.85472788747,0.12916222575527617,0.5238429323577698,27260.99390542078,1.4195422314792675e-05,0.8929071506890752,-0.6258458578904531
114,Ford,Expedition,Sport Utility,48116.626759386796,0.12980076113631905,0.9110149076390551,49889.09473050145,1.085225252868836e-05,0.6727461505697627,
115,BMW,i3,Hatchback,34947.655677480456,0.1421476927461819,0.6298592703006317,105000.00007788028,0.0007714060178861303,-47.652808224783065,
116,Nissan,Murano,Sport Utility,29199.85148568242,0.11266058352632428,0.8166626125198264,105000.00008070985,0.0007714105287761633,-4.561473537699506,
117,Mercedes-Benz,ML 350,Sport Utility,50764.61348883065,0.14795989823860242,0.8725900865421852,105000.0,0.0015,-7.496876142482366,
118,Nissan,370Z,Coupe,32137.788937928155,0.07190845847604632,0.6861736638700375,26402.882623681504,6.759971134661911e-06,0.6526211025473769,-4.630731785631436
119,Chrysler,Pacifica,,30135.14483483878,0.11098086987172501,0.5052834800009316,33034.63960521718,8.582809107914415e-06,0.5874443273371337,
120,Chevrolet,Colorado,,33112.420078468356,0.0897077883177913,0.698914565062045,33729.82521157621,9.623196016787275e-06,0.7396135880241606,
121,Chrysler,300,Sedan,25644.399303964183,0.1046147832744519,0.7557713578645839,105000.00007872717,0.000771407046695792,-5.985530443001504,
122,MAZDA,CX-5,,29308.86861947171,0.11823582417779206,0.6828062110415567,27828.448717066713,9.386941503186917e-06,0.706239216202809,
123,Nissan,Frontier,Truck,26187.657028333713,0.060709116737651475,0.825655031334247,105000.00013684135,0.0007751388094528823,-12.768405731423838,
124,Nissan,Pathfinder,Sport Utility,29734.097804072786,0.11242130399493104,0.7273637379178158,27743.74799988935,8.715319328172214e-06,0.8472102845082482,0.27138205751347566
125,Chevrolet,Silverado 3500,Truck,72610.05481165038,0.09859218973477121,0.5228294902282249,61917.00000053204,0.0015,-5.057896813453226,
126,Honda,Ridgeline,Truck,41794.75914867321,0.10531032629966201,0.9530103738059365,37482.49953743487,9.120886057818196e-06,0.9614744471113477,0.4936055036189113
127,Volkswagen,Golf R,Hatchback,46131.203297934655,0.1143054054985874,0.9686243992665383,42568.69444356592,1.289070868854558e-05,0.9728084510185298,
128,Toyota,Avalon,Sedan,43554.84028821076,0.14610756866701752,0.9393382856450578,42225.53333343151,0.0015,0.6347808589658841,0.7588686309291004
129,Mercedes-Benz,GLE 350,Sport Utility,56508.500298308194,0.18214599597728665,0.9128099363340316,57861.88248776343,1.8252517581860886e-05,0.7304305982617301,0.6498189128490587
130,Honda,Passport,Sport Utility,42190.0,0.1633279233210136,0.09066648168240055,36929.20900917908,6.407102791909136e-06,0.006413314802105496,-1.3381582322626504
131,Subaru,Impreza,Hatchback,26382.47107587256,0.11124551247357459,0.8124075633805439,21329.812740766814,8.557587523119442e-06,0.8886229898586511,
132,Kia,Soul,Hatchback,18047.42969445106,0.1117041284190902,0.721152948725399,20226.902610660836,1.1589305747589712e-05,0.8114872363681337,0.19258213602857432
133,smart,fortwo,Coupe,24505.603783820363,0.16452086426629742,0.7425983854135751,23251.671663399597,3.6640536940884226e-05,0.7246045974519306,
134,Jeep,Renegade,Sport Utility,29945.09328118818,0.1606578233174156,0.3445669789456608,24062.216187549664,9.723274613495233e-06,0.517614072898142,
135,Lincoln,Continental,Sedan,98994.3393691694,0.050000000000012035,0.11213284587606487,93073.31696260929,1.0173121063016024e-05,0.15047265943856436,
136,Volkswagen,Beetle,Convertible,29060.92191866868,0.13409399920202217,0.833991285371477,24034.20726406504,1.4381307262609284e-05,0.7952734962391532,
137,INFINITI,QX80,Sport Utility,49362.59821922204,0.08833517676279524,0.6140542157211477,105000.00008224946,0.0007714038071941059,-27.331811587723884,
138,Chevrolet,Cruze,Hatchback,16904.181480582283,0.09542204151576161,0.46410328944385015,18330.199997527354,1.0164755568241665e-05,0.5742522848612439,
139,BMW,Z4,Convertible,60999.75497040416,0.13871674588732968,0.9415398223259408,57160.861912436674,0.0029999999999999936,-0.08293724211330833,0.6569741050828234
140,Nissan,Versa,Hatchback,12723.773068454198,0.08773799249027969,0.7969860153497632,105000.00008148902,0.0007714230287040798,-16.783576639936506,
141,BMW,528i,,38808.30793292544,0.1375513909901079,0.8474864718693603,105000.0,0.0015,-5.403280103178637,
142,Toyota,FJ Cruiser,Sport Utility,53653.86903359601,0.09586348393084235,0.843939974002416,105000.0,0.0015,-10.401232591374553,
143,BMW,X2,Sport Utility,39960.40660039932,0.17439987329468026,0.3178100855778263,42417.16942196206,1.9085979048571033e-05,0.4992845543001123,0.34118492044485615
144,Volvo,XC90,Sport Utility,61196.64245303774,0.17166023263610952,0.9626158333826568,63440.09379092496,0.002540600378134751,-0.3901192915915719,0.8925964518094297
145,Buick,Enclave,Sport Utility,49931.573252988666,0.16456772341706488,0.7935335816388827,51708.425972163095,0.0014999641632580426,-3.353021891853749,
146,Hyundai,Tucson,,21000.688013115865,0.09383737601577806,0.8084491145159178,21906.481530220728,8.03905711660869e-06,0.9031510056294499,0.000565112481033414
147,Nissan,Armada,Sport Utility,43711.27440080752,0.13127545380607208,0.9533848394626522,46621.51797628245,1.0119803879541046e-05,0.9004642222311342,
148,Cadillac,Escalade ESV,,76639.16454736856,0.1582037213652339,0.8573094334129014,88840.39969072377,1.6986832669668272e-05,0.8915646277577809,0.7604236072606101
149,Porsche,Macan,,89483.6460885098,0.20738420356398066,0.7021745005330513,58911.92167677942,1.1889249341067434e-05,0.7621089060514279,
150,Chevrolet,Traverse,Sport Utility,39439.82403719571,0.16919841216525422,0.9253204614763352,105000.00007971129,0.0007714033334245759,-3.425291206810554,0.7638196199226385
151,Ford,Flex,Sport Utility,44211.48206011826,0.1561558480671709,0.7176809400861175,35181.00017705146,0.0011729082535723591,-0.5386381561179476,
152,Nissan,Titan,Truck,36779.08031046522,0.07663219691351762,0.7000431588240479,36069.2478700729,8.413354162007547e-06,0.7311347913527176,
153,Mercedes-Benz,GLA 250,Sport Utility,34011.85768146955,0.10850733978731208,0.7195070041287959,33256.65932860001,1.0538497076630865e-05,0.8267963189638685,-2.3759585905976124
154,Land Rover,Discovery Sport,Sport Utility,45570.05512368122,0.15109099470365062,0.6457333994865663,49168.0518903229,2.183334119283062e-05,0.7166111465596917,0.7935279920003833
155,INFINITI,QX60,Sport Utility,32408.365051094795,0.08746013660568394,0.5817615919749837,105000.00007116965,0.0007714029955277194,-32.7501484145556,
156,Lexus,RX 450h,Sport Utility,62305.43793731555,0.15218187332128102,0.9702254093135911,50860.908939412504,1.1256883029688905e-05,0.9037284812018097,
157,Subaru,Impreza WRX,Sedan,30652.380140632977,0.07054740620703927,0.4120129306496384,105000.0,0.0015,-7.646411062661485,
158,Lexus,CT 200h,Sedan,26820.73443119826,0.07766315866485297,0.7018969272637678,10000.000116615583,0.0015,-23.591214606264447,
159,FIAT,500,Hatchback,12966.672312040999,0.05000000000000001,-0.01649240295940424,105000.00007563511,0.0007714081315508584,-16.363113735340264,
160,Audi,S4,Sedan,51159.19147296478,0.12774310488326207,0.89184578787464,105000.0,0.0011268749999999998,-5.476536546181834,
161,GMC,Terrain,Sport Utility,25654.044348797845,0.09041293615917101,0.7295103815682091,105000.00019451401,0.0008320142075057548,-12.291698981009624,-2.5109309069314514
162,Audi,A5,Convertible,44477.46306297589,0.15066413310269583,0.9226505927997971,36142.87532826406,1.1459154721127337e-05,0.5687972202453673,
163,MAZDA,MX-5 Miata,Convertible,25978.836657264015,0.07497023415417615,0.9115415165517269,105000.00014868432,0.0007784997981146846,-5.10022454834151,
164,Cadillac,XT5,Sport Utility,36567.130062774304,0.10541866065957659,0.0489515659174643,48644.705103996814,1.574046272544609e-05,0.6515012591017822,
165,Nissan,Leaf,Hatchback,29682.832765371793,0.18524132022630502,0.6939516217610676,105000.0,0.0015,-10.10607975214491,
166,Ford,Taurus,Sedan,22436.532757864188,0.1241427731879938,0.9259648352027356,105000.0,0.001126875,-4.370131108538046,
167,Lincoln,MKC,Sport Utility,38306.087515999265,0.15007865598715556,0.5772475780461241,34056.46147649575,1.2579915854522957e-05,0.7027191251000788,
168,Jaguar,F-PACE,Sport Utility,54720.684696255106,0.10122223728160452,0.4019108215351297,57216.212458591755,1.6870828816485918e-05,0.5278165074889036,0.13639287805090095
169,Lexus,LS 460,Sedan,59601.66419216489,0.12561704807586943,0.8804950448780685,105000.0,0.0015,-5.082788345284992,
170,Mercedes-Benz,SL 500,Convertible,77653.09636413214,0.10967862637003699,0.22875002372801123,105000.0,0.0015,-10.41244265691343,
171,Chevrolet,Avalanche,Truck,38748.73236809368,0.09347659502774597,0.6372828236534704,105000.0,0.0015,-8.27800989397039,
172,Cadillac,SRX,Sport Utility,41635.073057116664,0.14567345234061388,0.8833937293328286,105000.0,0.0015,-8.662526813371185,
173,Audi,S5,Convertible,63954.35233871344,0.14903251652079266,0.9093419423369131,105000.00014088742,0.0007730606187669671,-6.294519048014782,
174,Toyota,Yaris,Hatchback,17835.28673574309,0.09895522198658104,0.914143305166094,17261.91109383635,9.2707433507011e-06,0.8920458348282247,0.43864334870373856
175,Mercedes-Benz,GL 450,Sport Utility,66910.3538517123,0.16005928725109395,0.8593900704258772,105000.0,0.0015,-5.3156110112266255,
176,HUMMER,H2,Sport Utility,134827.22783222035,0.12710510244510817,0.0494069079669025,16999.000021708034,0.0015,-3.5160430523492643,
177,Toyota,Venza,Sport Utility,17830.6147533651,0.05000000000000001,0.03518587650937288,10499.010325751988,0.0015,-18.57508300530741,
178,Ford,Transit Connect,Van,31340.136557986185,0.10422335975394618,0.5568258836721149,30014.307301171135,1.0593102392268307e-05,0.6470753274328563,-0.6680011283637701
179,INFINITI,G35,Sedan,21382.92840719572,0.07269670192671424,0.04374101875351932,105000.0,0.0015,-18.634003366707212,
180,Ford,E-350 and Econoline 350,Van,27763.729981969238,0.07390924094300244,0.23347174552629757,117760.75514718214,0.001259549783287323,-2.440518986948862,
181,BMW,M5,Sedan,97979.83453554798,0.12902483226992756,0.7342279908544149,109389.9999981159,0.0015,-0.6743828363767248,0.5220728620846706
182,Mercedes-Benz,C 250,Sedan,32684.87661548597,0.135630907468767,0.40116206578790226,105000.0,0.0015,-34.55963304322779,
183,Kia,Sorento,Sport Utility,29294.993797445477,0.12518791894982775,0.6112614489079631,105000.00013837138,0.0007747874289403818,-5.520307826305482,
184,Lexus,RX 330,Sport Utility,17122.8475253063,0.05000000000000001,-0.1409968847687486,10000.000000073778,0.0015,-32.92441332887848,
185,Lexus,GX 460,Sport Utility,51372.893428230884,0.10572125964815841,0.714219163242011,50774.50359084088,8.190096567200235e-06,0.8477833798083023,
186,Acura,TSX,Wagon,39024.22676540014,0.13245330589148652,0.711290215961182,105000.0,0.0015,-13.151201594562389,
187,Mercedes-Benz,CLS 550,Sedan,164879.3961789451,0.33173773115017935,0.7285057203631898,99315.00001468856,0.0015,-1.5452203187061713,
188,Toyota,C-HR,Sport Utility,23880.58799542424,0.11514042397984599,0.45549835162642816,22999.485875195358,1.0188544113109711e-05,0.6924042857544751,-0.5863740624014859
189,Mercedes-Benz,GLK 350,Sport Utility,42890.16596049518,0.137848888036993,0.6891529893868296,105000.0,0.0015,-17.485326032961,
190,Chevrolet,Volt,Hatchback,23519.353245698258,0.09589295962886189,0.6376051504194264,105000.0,0.0015,-16.378521825369425,
191,Mercedes-Benz,SL 550,Convertible,108705.4892828585,0.15357724277390392,0.7912513523612636,105000.0,0.0015,-11.546092779996522,
192,Jaguar,F-TYPE,Coupe,79540.83797341818,0.10732149525077013,0.3497139877779938,80465.06368662702,2.505491518134798e-05,0.8155188379011848,-0.8868906776120502
193,Audi,Q3,Sport Utility,38246.3791553817,0.15742092413481742,0.8951735384514332,38441.082209034954,1.600780811493295e-05,0.7812287028482527,0.6434772541173787
194,Audi,A8,Sedan,56486.98448352456,0.11626778494459286,0.85063487174877,105000.0,0.0015,-6.4953935473053015,
195,Lexus,IS 200t,Sedan,32945.34420499224,0.10352185736001517,0.28764208793337176,105000.00011016532,0.0007717198186161088,-118.8926979724728,
196,BMW,M4,Coupe,102260.61594847894,0.21623452460891307,0.3693277278195787,102077.84421656626,2.6819604147177217e-05,0.49075579292961835,0.2073590875116499
197,Dodge,Journey,Sport Utility,27397.01463927481,0.14783742244533948,0.6392586068155953,22955.752027838316,1.170312570713043e-05,0.8137627465034406,
198,MINI,Cooper Clubman,Wagon,39405.51446063672,0.18167193962827566,0.8920304039511028,33255.217782166066,2.0835447554430233e-05,0.8123632480633083,0.7371723721098108
199,Hyundai,Accent,Sedan,14421.79190305477,0.09096051378450809,0.8544798089843323,105000.00011903036,0.0007728495729561118,-6.029502488915274,
200,Lexus,IS 350,Sedan,47733.40335209883,0.1266864173158545,0.9427436708794716,39716.213398827655,1.0254953481122823e-05,0.9389078037153383,
201,Lexus,SC 430,Convertible,43540.67123684494,0.08120070417439777,0.33460854779902516,105000.0,0.0015,-12.886370969019483,
202,Jeep,Liberty,Sport Utility,12660.228994634244,0.05000000000000001,0.30697533277858,105000.0,0.0015,-14.741493817737156,
203,Subaru,WRX,Sedan,32244.172503302372,0.0892000094765248,0.24318969281912806,31588.296617454962,7.836004177166106e-06,0.6515803158840096,-3.837532438999621
204,BMW,320i,Sedan,30539.60171561783,0.13056495646708782,0.6955838636701934,105000.00007434507,0.0007714058412685919,-21.85361639010758,
205,INFINITI,QX50,Sport Utility,45095.07309144625,0.21543133442429527,0.9129290945961283,43006.55341867114,2.015415209988267e-05,0.8101429619170135,
206,Nissan,Xterra,Sport Utility,37740.87812626019,0.12866535039420599,0.7633207667497093,10000.000000077915,0.0015,-3.0219526148567617,
207,Lexus,ES 300h,Sedan,51242.5516524827,0.15010492024259844,0.9259806613852332,45005.53519022645,1.5215132186524758e-05,0.8358913983795773,0.6542813993221985
208,MAZDA,CX-9,,43734.99613685946,0.16836869671053847,0.9425079650025205,35357.0835310379,1.4039616432306222e-05,0.7944924080552211,0.5993837948253412
209,Lexus,RC 350,Coupe,56219.42440728851,0.14999101468728498,0.872475312716448,49399.787713584614,1.227336012403925e-05,0.8020319237251805,
210,Lexus,NX 200t,Sport Utility,31826.86520844922,0.052157657923575323,0.2189206827821043,105000.0,0.001126875,-194.3150602097893,
211,RAM,3500,Truck,53656.65791513059,0.05000000000000001,0.2529993020971346,52180.17080300573,4.59911034583877e-06,0.3709523787690293,
212,Volvo,XC60,Sport Utility,52354.14214563397,0.20609610478521315,0.8551207525491166,50644.54486864425,1.5712681976129213e-05,0.9700920307934392,0.8113369610404368
213,Mercedes-Benz,C 63 AMG,Coupe,79668.82965491973,0.12413016263729443,0.9327675639775835,75681.33344246424,1.568037172709173e-05,0.9366619368290856,-0.15861491373834324
214,Land Rover,Range Rover Velar,Sport Utility,62520.17456825156,0.12858580354632435,0.044942002240856205,69768.58730329761,2.4964405640633564e-05,0.6326148718408502,-0.5160086505679213
215,Mercedes-Benz,E 63 AMG,Sedan,115023.67351710776,0.15711257059107464,0.9643647480892734,105914.68375935104,1.5959855927447626e-05,0.8055640169940377,0.33654802969315256
216,Toyota,Land Cruiser,Sport Utility,94957.85506749089,0.10303359099851639,0.9695024690785913,87549.50000013028,0.0015,0.40450656856331024,0.44185774107410425
217,Volkswagen,Touareg,,48126.949446477476,0.15101563122614833,0.5974585681305118,105000.0,0.0015,-5.126898633641622,
218,Volvo,S60,Sedan,38310.438863307856,0.16801565974172708,0.9050501464594054,40930.196157721235,2.302784060747577e-05,0.8937741074548206,0.6716216668804621
219,Nissan,350Z,Coupe,20250.851550460764,0.05000000000000001,-0.028851853853323117,105000.0,0.001126875,-22.055895849799807,
220,Lincoln,MKZ,Sedan,39290.63263892558,0.16532195576121145,0.630347212893577,37460.13025295194,1.6087899534908367e-05,0.854897926521462,0.5696731511427028
221,Lincoln,MKX,Sport Utility,65495.39623816572,0.21558664860249882,0.8055083850895149,53106.857142857145,0.0015,0.32101869403425765,
222,Jaguar,XF,Wagon,59751.360610052274,0.17769571473511134,0.6602138802007878,63766.20000013535,0.0015,0.6001824969640299,0.21759764111383428
223,BMW,330i xDrive,Sedan,50810.91422815813,0.19903645717628296,0.8638766527097252,48168.44360155436,2.2366336058144175e-05,0.8717837573510611,0.7327817805937802
224,Subaru,Legacy,Sedan,19555.004927183807,0.05798502855016534,0.3254396903492184,24288.027027854212,8.482539599671772e-06,0.8782879629090531,
225,Hyundai,Veloster,Hatchback,17056.22369198473,0.08447024282766281,0.5895668242532625,105000.00031631478,0.000771402856407632,-10.878501247291657,
226,Buick,LaCrosse,Sedan,42968.56380909013,0.16786885281056915,0.7911021895368727,105000.00007898388,0.0007714083491056325,-5.595941824737082,
227,Scion,tC,Coupe,23598.207997616537,0.12223434188029672,0.6890762631294148,105000.00008040832,0.0007714117950334389,-5.47330631289114,
228,Buick,Encore,,20141.91850223464,0.08810813656257784,0.4399414448183935,20385.194896215493,8.156666601341632e-06,0.7881816278624516,-1.2894485014061363
229,Acura,TLX,Sedan,34947.84438980882,0.12527486074391408,0.8723756838699025,34831.49420898133,1.7918160812702212e-05,0.7689083854360736,-0.15569261494221664
230,Chevrolet,Express 3500,Van,30679.840857167834,0.06653693155510888,0.46574183861465923,34901.000088605906,0.0015,-4.325217950423645,
231,Ford,E-150 and Econoline 150,Van,22614.046837218848,0.057742426609007406,0.2838015891561697,105000.0,0.0015,-10.656032726293908,
232,Chrysler,PT Cruiser,Wagon,10000.000000000025,0.06531896232742651,-0.3218670316519867,105000.0,0.0015,-17.51160185335501,
233,Scion,xB,Wagon,21150.213546777828,0.11407999321329228,0.8379951377574322,105000.0,0.0015,-10.399026000723506,
234,Subaru,Crosstrek,Sport Utility,27651.117150569302,0.08890738895891387,0.3825668135715381,105000.00017856045,0.0007986744726863177,-54.915314634237625,
235,BMW,328i xDrive,Sedan,39365.67171193048,0.14210662884498565,0.8890469267487878,105000.0,0.0011268749999999998,-9.342278571020769,
236,Toyota,Prius C,Hatchback,22153.281186971835,0.1103497300719489,0.7904117274819966,105000.0,0.001126875,-11.960764331079092,
237,Cadillac,XTS,Sedan,26717.236438408323,0.054675500302953726,-0.059510285380876216,44871.52052902681,1.9658112088818293e-05,0.8279549246568486,
238,BMW,128i,Convertible,26904.38532191308,0.09875912436074628,0.44224168630990723,105000.0,0.0015,-15.05730970987933,
239,BMW,430i,Coupe,48174.38514895903,0.22700383846351488,0.8297080359827114,45241.54461913501,1.650377495097109e-05,0.8041941832175332,0.8039762890299329
240,Kia,Sportage,Sport Utility,26242.929940966096,0.12175163397826409,0.7792777245186295,25954.83057026512,1.0867664893948753e-05,0.8980702049221339,0.07752531587171085
241,INFINITI,Q60,Coupe,50219.17664629882,0.15987045066564465,0.7135875685452351,42816.72504561738,1.4039700585125675e-05,0.8175273625168334,
242,Mitsubishi,Eclipse Cross,Sport Utility,24650.045128179016,0.06968013555220469,0.29466322657945365,22830.37212864436,4.406742169313142e-05,0.33687162837301055,-6.613952721020878
243,Ferrari,California,Convertible,199256.2811018184,0.07926506195141006,0.8897874548600818,152005.48810402953,2.2576823517289082e-05,0.43571151614922365,
244,Jeep,Patriot,Sport Utility,16397.08222264065,0.07977595183806445,0.41126393609517975,105000.0,0.001126875,-19.20540197922863,
245,BMW,428i,Convertible,47258.225536793194,0.17060275339489384,0.5511974514736957,105000.0,0.0015,-30.279804567336136,
246,BMW,530i,Sedan,61068.96446840142,0.19003278180663563,0.9177574909798287,51176.74690597093,1.5691477226021734e-05,0.9566372891364238,
247,Chevrolet,Express 2500,Van,26877.528936327406,0.08889445266844971,0.6773697821291846,20094.79373380342,4.756782506969061e-06,0.38576263114986853,
248,Maserati,GranTurismo,Coupe,121120.45416605272,0.13976346965706155,0.8944558673169771,105000.00013248925,0.0007723609570042531,-7.029654176993175,
249,BMW,550i,Sedan,81808.49842985465,0.1974819040165457,0.8897939908218633,105000.0,0.0015,-5.773367741086304,
250,Ford,Transit 250,Van,42923.96809354784,0.05000000000000001,-0.6992978209891472,39527.66666799595,0.0015,-10.277293605617482,
251,Dodge,Ram 3500 Truck,Truck,57681.651016919895,0.05000000000000001,-0.125230747224935,105000.0,0.0015,-15.907377562279883,
252,Honda,Insight,Sedan,28844.1740628768,0.1522581654450836,0.9247537623102371,28423.333333352435,0.0015,0.670257948124212,0.6261398550276441
253,MAZDA,MAZDA5,Van,19413.135547325903,0.12164286674186199,0.6198763584111253,105000.0,0.0015,-9.799206119373475,
254,BMW,430i Gran Coupe,Hatchback,42474.64263529488,0.15190247826846842,0.7887885820721643,47511.975630155466,1.686246310291776e-05,0.8101626109857956,0.8782854180581497
255,Ford,Transit 350,Van,41219.65971900819,0.05000000000000001,-0.02425112515989092,44756.2070276183,1.6747455396516538e-05,0.8325952859057122,
256,Ford,E-250 and Econoline 250,Van,45547.6508315124,0.13713575946635273,0.8262925849366376,105000.0,0.0015,-7.594580002432151,
257,Subaru,XV Crosstrek,Wagon,27522.219331485067,0.08580734722752732,0.4521586760153177,105000.0,0.0015,-60.006163554072025,
258,Nissan,NV,Van,36403.35215767674,0.09360410772996221,0.5165346512589014,33855.6287502251,7.11605217797429e-06,0.8887286094988693,-2.746328312317697
259,Maserati,Ghibli,,72363.11531258108,0.18852026316906137,0.44745233046437294,105000.0,0.001126875,-13.46634580341012,
260,Porsche,Cayman,Coupe,82751.66690404661,0.09169114039647433,0.518998923501288,105000.0,0.001126875,-7.904162461255176,
261,BMW,M2,Coupe,64853.43908852217,0.1609392407041465,0.8005682745358291,62720.841020518885,1.7151848368938406e-05,0.8391508453642361,0.30467244722989495
262,Cadillac,ATS,Coupe,34334.91642083213,0.1234138954061656,0.4377904044997645,105000.00007574758,0.0007714029541170861,-9.28171000803771,
263,INFINITI,Q70,Sedan,32644.87009844097,0.06923101788511454,0.3189885539777193,105000.00008288272,0.0007714066245529866,-48.83734327595097,
264,Jaguar,XE,Sedan,46208.7714550892,0.11819672848081379,0.5382543609568973,44043.946664224306,1.725038751417023e-05,0.7105130139742792,-0.1257177418384703
265,Toyota,Matrix,Hatchback,19833.23094003191,0.09136485366999647,0.6261125914442807,105000.0,0.0015,-21.815099196694586,
266,Chevrolet,Sonic,Hatchback,15074.849970709403,0.08877189621560844,0.6924083191121566,105000.00010411888,0.0007717675747416863,-10.610550453768498,
267,Hyundai,Genesis,Sedan,37317.82990667647,0.14491225395899524,0.7421046986018845,105000.0,0.0015,-9.452062816498502,
268,GMC,Canyon,Truck,34408.06812504398,0.07946354447215968,0.6974534172947551,31267.437011148573,7.92371169964161e-06,0.570624664096217,
269,INFINITI,FX35,Sport Utility,44957.705120472354,0.12818548589912834,0.8135487587732629,105000.0,0.0015,-15.062744638141684,
270,Toyota,Prius V,Wagon,25946.7870188213,0.10771174379555082,0.13971038547030346,12499.002952921415,0.0015,-31.845303980603376,
271,Mercedes-Benz,GLS 450,Sport Utility,70861.36982998166,0.14407422013509727,0.4646666309086551,77432.23028459502,1.4729724833092484e-05,0.9545200784065336,-0.12522269413335052
272,Lincoln,Navigator,Sport Utility,84105.40232113216,0.2674900911937487,0.9227437237122563,94340.00000000006,0.0015,0.18974754732489685,0.8806960767098118
273,BMW,650i,Convertible,75425.0811830369,0.1656745858919142,0.8847718871035649,105000.0,0.0015,-5.487705722232987,
274,Chevrolet,Trax,Sport Utility,23384.159978456166,0.1028112646868805,0.2859545779243281,23283.286847270538,1.6033487333901326e-05,0.709979526846185,-1.9926427548302454
275,Dodge,Dakota,Truck,55817.66715595225,0.15657158473742727,0.7936334459459126,105000.00008541698,0.0007714276135054468,-7.8912143749507315,
276,BMW,X4,Sport Utility,61442.59220532577,0.19413692550912345,0.9261661412489732,62553.04984607801,0.0029999999999999996,-2.331075444513895,0.957901299771431
277,BMW,750i,Sedan,91223.38078059668,0.21334319151748599,0.9746370758946181,105000.00005940603,0.0007714030754481305,-2.3616328343036224,
278,INFINITI,QX56,Sport Utility,53741.5178371839,0.13131451906588668,0.8531962328246259,10000.00000258935,0.0015,-8.3662638715151,
279,BMW,230i,Convertible,42809.80246176163,0.20590567041880953,0.7859161752797645,44796.58749124428,2.5977268368902197e-05,0.8563798515644923,0.805003571704607
280,Volkswagen,Eos,Convertible,35914.59463801135,0.14873568077663182,0.7578518617648847,105000.0,0.0015,-8.808666071277129,
281,Honda,S2000,Convertible,79835.36831475676,0.07986907299816821,0.32037578804346634,28869.223305314532,5.0919375302793115e-06,0.19251889154509538,
282,MAZDA,MAZDA6,Sedan,23108.83640634367,0.1204948868666489,0.8468622433570925,105000.0,0.001126875,-7.441183914926677,
283,BMW,228i,Coupe,46785.7876729534,0.19736394893160047,0.5555146785333873,105000.0,0.0015,-65.379835063332,
284,Mercedes-Benz,Sprinter,Van,55978.21046648749,0.050000000000000724,-0.06038622981916064,60850.381575492334,1.1394062898978689e-05,0.39225495547095834,
285,BMW,135i,Convertible,22736.86438395152,0.05000000000000719,0.10845700765161403,105000.0,0.0015,-16.256988992002075,
286,Mercedes-Benz,C 230,Sedan,28721.984067591355,0.11175342496452005,0.536907650003499,105000.0,0.0015,-12.246640266640393,
287,Chevrolet,HHR,Wagon,15466.80562457901,0.08851283566473489,0.1815566961081676,105000.0,0.0015,-12.336230896036774,
288,Lexus,NX 300,Sport Utility,39818.63982263437,0.07771005666006968,0.32988870378836366,38777.34291888853,1.0071940280010104e-05,0.9154810798498003,-7.8514749983329715
289,Lexus,IS 300,Sedan,34592.7510913225,0.08103043530052094,0.11526406861788274,35461.39981459162,1.091766393599509e-05,0.46671720842489983,
290,Nissan,Juke,Sport Utility,19654.356478671918,0.08421265575402898,0.5599481105644013,105000.0,0.0015,-19.83012942034791,
